{
  "pdf_path": "pdfs\\10023432_20251210_164515_ABBOTT.pdf",
  "header_zone_detected": [
    {
      "page_no": 0,
      "y_min": 45.06951141357422,
      "y_max": 816.9295654296875,
      "confidence": 0.5,
      "reason": "largest_font_top"
    },
    {
      "page_no": 1,
      "y_min": 45.06957244873047,
      "y_max": 816.9296264648438,
      "confidence": 0.5,
      "reason": "largest_font_top"
    }
  ],
  "raw_header_candidates": [
    {
      "page_no": 0,
      "headers": [
        "Bal",
        "Amt(Q+F)",
        "1363.60",
        "13953.12",
        "48545.77",
        "4965.00",
        "5759.40",
        "18993.66",
        "4306.50",
        "2209.10",
        "14500.98",
        "1632.45",
        "4796.47",
        "1959.59",
        "1621.73",
        "5400.00",
        "15525.00",
        "32400.00",
        "24300.00",
        "1881.95",
        "1998.22",
        "1425.60",
        "25206.32",
        "5770.80",
        "2478.60",
        "7177.80",
        "3873.90",
        "1823.20",
        "2403.80",
        "2872.00",
        "491.40",
        "1614.60",
        "1414.00",
        "——",
        "1426.20",
        "(P.T.O.)"
      ],
      "combined_confidence": 0.24444444444444446,
      "visual_score": 0.5,
      "reconstruction_score": 1.0,
      "semantic_score": 0.5972222222222222,
      "data_validation_score": 0.5,
      "data_column_count_detected": 0
    }
  ],
  "final_selected_header": [
    "Bal",
    "Amt(Q+F)",
    "1363.60",
    "13953.12",
    "48545.77",
    "4965.00",
    "5759.40",
    "18993.66",
    "4306.50",
    "2209.10",
    "14500.98",
    "1632.45",
    "4796.47",
    "1959.59",
    "1621.73",
    "5400.00",
    "15525.00",
    "32400.00",
    "24300.00",
    "1881.95",
    "1998.22",
    "1425.60",
    "25206.32",
    "5770.80",
    "2478.60",
    "7177.80",
    "3873.90",
    "1823.20",
    "2403.80",
    "2872.00",
    "491.40",
    "1614.60",
    "1414.00",
    "——",
    "1426.20",
    "(P.T.O.)"
  ],
  "confidence": 0.24444444444444446,
  "confidence_breakdown": {
    "visual_score": 0.5,
    "reconstruction_score": 1.0,
    "semantic_score": 0.5972222222222222,
    "data_validation_score": 0.5,
    "consensus_score": 0.5
  },
  "debug": {
    "reconstructed": [
      "Bal",
      "Amt(Q+F)",
      "1363.60",
      "13953.12",
      "48545.77",
      "4965.00",
      "5759.40",
      "18993.66",
      "4306.50",
      "2209.10",
      "14500.98",
      "1632.45",
      "4796.47",
      "1959.59",
      "1621.73",
      "5400.00",
      "15525.00",
      "32400.00",
      "24300.00",
      "1881.95",
      "1998.22",
      "1425.60",
      "25206.32",
      "5770.80",
      "2478.60",
      "7177.80",
      "3873.90",
      "1823.20",
      "2403.80",
      "2872.00",
      "491.40",
      "1614.60",
      "1414.00",
      "——",
      "1426.20",
      "(P.T.O.)"
    ],
    "normalized": [
      "Bal",
      "Amt(Q+F)",
      "1363.60",
      "13953.12",
      "48545.77",
      "4965.00",
      "5759.40",
      "18993.66",
      "4306.50",
      "2209.10",
      "14500.98",
      "1632.45",
      "4796.47",
      "1959.59",
      "1621.73",
      "5400.00",
      "15525.00",
      "32400.00",
      "24300.00",
      "1881.95",
      "1998.22",
      "1425.60",
      "25206.32",
      "5770.80",
      "2478.60",
      "7177.80",
      "3873.90",
      "1823.20",
      "2403.80",
      "2872.00",
      "491.40",
      "1614.60",
      "1414.00",
      "——",
      "1426.20",
      "(P.T.O.)"
    ],
    "merge_operations_performed": [],
    "split_operations_performed": [],
    "noise_tokens_removed": [
      "1",
      "——————————————————————————————————————————————————————————————————————————————————————————————————————————————————————————————————————",
      "——————————————————————————————————————————————————————————————————————————————————————————————————————————————————————————————————————",
      "——————————————————————————————————————————————————————————————————————————————————————————————————————————————————————————————————————"
    ],
    "data_column_count_detected": 0,
    "precision_evidence": {
      "column_count_gate": {
        "passed": true,
        "reason": "no_data_to_compare"
      },
      "penalty_breakdown": {
        "noise_word_penalty": 0.4
      },
      "adjusted_confidence": 0.24444444444444446,
      "evidence_scores": {
        "keyword_score": 0.0,
        "column_alignment_score": 0.5,
        "data_validation_score": 0.5,
        "lexical_purity_score": 0.52,
        "multi_page_presence_score": 0.5
      },
      "evidence_total": 0.378,
      "evidence_before_penalties": 0.378
    },
    "candidate_header_rows": [
      {
        "page_no": 0,
        "headers": [
          "Bal",
          "Amt(Q+F)",
          "1363.60",
          "13953.12",
          "48545.77",
          "4965.00",
          "5759.40",
          "18993.66",
          "4306.50",
          "2209.10",
          "14500.98",
          "1632.45",
          "4796.47",
          "1959.59",
          "1621.73",
          "5400.00",
          "15525.00",
          "32400.00",
          "24300.00",
          "1881.95",
          "1998.22",
          "1425.60",
          "25206.32",
          "5770.80",
          "2478.60",
          "7177.80",
          "3873.90",
          "1823.20",
          "2403.80",
          "2872.00",
          "491.40",
          "1614.60",
          "1414.00",
          "——",
          "1426.20",
          "(P.T.O.)"
        ],
        "data_column_count_detected": 0,
        "combined_confidence": 0.6444444444444445
      },
      {
        "page_no": 1,
        "headers": [
          "Bal",
          "Amt(Q+F)",
          "2035.18",
          "32508.67",
          "9385.70",
          "3362.60",
          "2836.96",
          "1865.56",
          "5183.50",
          "3920.00",
          "1720.50",
          "3256.92",
          "25742.40",
          "8654.40",
          "23335.40",
          "1088.11",
          "——",
          "5862.24",
          "7395.60",
          "16286.00",
          "7052.80",
          "4046.60",
          "——",
          "5243.00",
          "5302.09",
          "4395.52",
          "27836.42",
          "——",
          "——",
          "21758.09",
          "10902.60",
          "27769.50",
          "5389.38",
          "538226.50"
        ],
        "data_column_count_detected": 0,
        "combined_confidence": 0.6426470588235295
      }
    ],
    "rejected_candidates_reason": [
      {
        "page_no": 1,
        "reason": "evidence_below_threshold: 0.34 < 0.35",
        "evidence_debug": {
          "column_count_gate": {
            "passed": true,
            "reason": "no_data_to_compare"
          },
          "penalty_breakdown": {
            "noise_word_penalty": 0.4
          },
          "adjusted_confidence": 0.24264705882352944,
          "evidence_scores": {
            "keyword_score": 0.0,
            "column_alignment_score": 0.5,
            "data_validation_score": 0.5,
            "lexical_purity_score": 0.28,
            "multi_page_presence_score": 0.5
          },
          "evidence_total": 0.34199999999999997,
          "evidence_before_penalties": 0.34199999999999997
        }
      }
    ],
    "final_header_columns": [
      "Bal",
      "Amt(Q+F)",
      "1363.60",
      "13953.12",
      "48545.77",
      "4965.00",
      "5759.40",
      "18993.66",
      "4306.50",
      "2209.10",
      "14500.98",
      "1632.45",
      "4796.47",
      "1959.59",
      "1621.73",
      "5400.00",
      "15525.00",
      "32400.00",
      "24300.00",
      "1881.95",
      "1998.22",
      "1425.60",
      "25206.32",
      "5770.80",
      "2478.60",
      "7177.80",
      "3873.90",
      "1823.20",
      "2403.80",
      "2872.00",
      "491.40",
      "1614.60",
      "1414.00",
      "——",
      "1426.20",
      "(P.T.O.)"
    ]
  }
}